{"ds001454-sub-18": {"t-000": 489.85680079460144, "t-001": 475.13164258003235}}